Jahr,Insgesamt,Jüngere unter 25 Jahre
2010,3238965,325548
2011,2976488,279102
2012,2897126,274144
2013,2950338,276278
2014,2898388,258301
2015,2794664,238547
2016,2690975,241168
2017,2532837,230694
2018,2340082,210342
2019,2266720,205384
2020,2695444,257361
2021,2613489,226596
2022,2418133,203469
2023,2608672,229312
2024,2787112,253611
